{"cameraMode":{"drawMode":0,"name":"Shaded","section":"Shading Mode"},"sceneLighting":true,"audioPlay":false,"sceneViewState":{"showFog":true,"showMaterialUpdate":true,"showSkybox":true,"showFlares":true,"showImageEffects":true,"showParticleSystems":true},"in2DMode":false,"pivot":{"x":0.4220008850097656,"y":3.7860732078552248,"z":-0.33229923248291018},"rotation":{"x":-0.2536558210849762,"y":-0.05017798766493797,"z":0.013177110813558102,"w":-0.9659023284912109},"size":2.4452342987060549,"orthographic":false}